mare a mare	no	a	mare	E solo per dare ai prodotti delle ferriere uno sfogo anche sullo Ionio fu progettata la bretella che attraversa da	mare a mare	a Calabria: la prima nella storia della regione, dal tempo della colonizzazione greca, e rimasta unica per centotrent'anni dopo l'unificazione dell'Italia.	sg	PNPN	yes	distractor
abbondanza ad abbondanza	no	a	abbondanza	Anche per i Benetton il miliardo messo a disposizione dalla Cassa, con l'astensione in consiglio di Viesti e di un altro componente, sembra aggiungere	abbondanza ad abbondanza	.	sg	verbal	yes	distractor
acero a acero	no	a	acero	Immaginando di tradurre le tinte in suoni, si sentirebbe il gemito del popolo delle foreste, un'eco straziante che si propaga da	acero a acero	, da quercia a quercia.	sg	PNPN	yes	distractor
acque ad acque	no	a	acque	Dapprima la tempesta opponeva nubi a nubi,	acque ad acque	, venti a venti.	pl	verbal	yes	distractor
affetto a affetto	no	a	affetto	Diventiamo veramente gli epiteti che ci vengono spinti sotto il muso, i nomignoli, le dolci cime lanciate da	affetto a affetto	mentre tutto ondeggia e tra di noi c'è nebbia, quell'aria che si palpa e da noi nasce come da curve portuali, quell'aria dai calori ascellari, e noi diventiamo la cosa che sembriamo a chi ci dice cosa, quando quelle visioni mosse e volatili si fermano concrete e solide, fatte di materia comune, e si presentano come una esposizione da mercato, da bancarella.	sg	PNPN	yes	distractor
agenzia ad agenzia	no	a	agenzia	Il tutto tra l'altro avviene nel giro di pochi mesi con una successione da	agenzia ad agenzia	quasi automatica.	sg	PNPN	yes	distractor
albero ad albero	no	a	albero	Non un solo silenzio, ma parecchi: quello del muschio sotto i piedi, quello delle ombre da	albero ad albero	, il silenzio di un piccolo ruscello in esplorazione di pezzetti di terreno, i silenzi che lo attorniavano mentre sbucava su una radura.	sg	PNPN	yes	distractor
amici ad amici	no	a	amici	Riconosco i tanti cognomi della comunità, rivedo le loro storie, riunisco figli a genitori, fratelli a fratelli,	amici ad amici	ma la pietà di chi resta può essere sufficiente?	pl	verbal	yes	distractor
amico a amico	no	a	amico	Quello stesso pomeriggio si presentò in caserma Toulouse Valmorain per parlare con Relais da	amico a amico	, come dichiarò.	sg	PNPN	yes	distractor
amico ad amico	no	a	amico	E visto che tra noi è tutto finito, dimmelo francamente, da	amico ad amico	: dove sei stato?	sg	PNPN	yes	distractor
anima ad anima	no	a	anima	Sembrano interconnesse in una sfida infinita che si tramanda da corpo a corpo, da	anima a anima	, da essere ad essere.	sg	PNPN	yes	distractor
anima ad anima	no	a	anima	Sembrano interconnesse in una sfida infinita che si tramanda da corpo a corpo, da	anima ad anima	, da essere ad essere.	sg	PNPN	yes	distractor
animale ad animale	no	a	animale	Benché in linea di massima ogni gatto, essendo un carnivoro, ha la possibilità di vomitare senza mostrare troppo disagio o essere malato, la frequenza con la quale gli episodi di vomito ricorrono varia grandemente da	animale ad animale	: alcuni vomitano quasi regolarmente, altri quasi mai.	sg	PNPN	yes	distractor
animale ad animale	no	a	animale	Esse appurarono che le epidemie di peste umana erano precedute da epizoozie tra i topi di chiavica dapprima e tra i topi comuni delle case poco dopo cioè mediante trasmissione della infezione da	animale ad animale	, e in seguito da questi all'uomo (attraverso le pulci), quando i ratti morivano.	sg	PNPN	yes	distractor
animale ad animale	no	a	animale	La ragione sta nell'assetto diverso dei cromosomi, le cui forme e specie quasi sempre variano da	animale ad animale	.	sg	PNPN	yes	distractor
anno a anno	no	a	anno	I raccolti rivaleggiano gli uni con gli altri, da	anno a anno	o da luogo a luogo.	sg	PNPN	yes	distractor
anticorpo ad anticorpo	no	a	anticorpo	Questa zona della molecola differisce da	anticorpo ad anticorpo	, determina la specificità della molecola anticorpale e viene definita paratopo o idiotipo.	sg	PNPN	yes	distractor
appezzamento ad appezzamento	no	a	appezzamento	Anche il numero di vermi presenti nel suolo per metro quadrato (nei primi 20 cm di profondità), pur variando da	appezzamento ad appezzamento	, non ha mostrato differenze significative.	sg	PNPN	yes	distractor
architettura ad architettura	no	a	architettura	Come il set di istruzioni varia da	architettura ad architettura	, anche le regole sintattiche dell'assembly varieranno.	sg	PNPN	yes	distractor
argomento ad argomento	no	a	argomento	Io credo che tale dipendenza sia molto variabile, da persona a persona e da	argomento ad argomento	: l'elaborazione simbolica può essere vantaggiosa oppure deleteria, a seconda delle circostanze e dell'oggetto.	sg	PNPN	yes	distractor
artista ad artista	no	a	artista	Lo spessore dello strato pittorico varia da	artista ad artista	e dalla tecnica impiegata.	sg	PNPN	yes	distractor
assurdo ad assurdo	no	a	assurdo	Ma non ha molto senso contrapporre	assurdo ad assurdo	, non si annulleranno mai a vicenda e anzi, l'uno richiama l'altro in una tensione che può anche raggiungere vette esaltanti ma dilania l'uomo, stravolge la prospettiva in cui egli finisce per vedere la vita.	sg	verbal	yes	distractor
autoradio ad autoradio	no	a	autoradio	Non è il caso di sottolineare quanto sia utile poter trasmettere una foto da	autoradio ad autoradio	.	sg	PNPN	yes	distractor
autore a autore	no	a	autore	Certo, ed è persino superfluo ricordarlo, l'orchestrazione del dialogato conosce modulazioni plurime, variando da	autore a autore	, da opera a opera.	sg	PNPN	yes	distractor
azienda ad azienda	no	a	azienda	Il rapporto prezzo utili varia significativamente da settore a settore e, spesso, da	azienda ad azienda	, in quanto ogni azienda si caratterizza con proprie condizioni di rischio.	sg	PNPN	yes	distractor
azienda ad azienda	no	a	azienda	La modularità delle ante varia da	azienda ad azienda	ma, in generale, il battente singolo è largo cm 50-70.	sg	PNPN	yes	distractor
balcone a balcone	no	a	balcone	I miei abitano in un quartiere dove ancora le massaie comunicano da	balcone a balcone	.	sg	PNPN	yes	distractor
balcone a balcone	no	a	balcone	La sua ultima creatura erano stati i bastoni per reggere i calici dello spumante con cui aveva allietato i brindisi da	balcone a balcone	, ma ormai era già diventata la penultima, soppiantata da quel telefono di cui smaniavo di sperimentare le potenzialità.	sg	PNPN	yes	distractor
balle a balle	no	a	balle	Concluse che forse era meglio non aggiungere	balle a balle	.	sg	verbal	yes	distractor
bambino a bambino	no	a	bambino	Eppure non è mai stato provato un caso al mondo di contagio da	bambino a bambino	.	sg	PNPN	yes	distractor
bambino a bambino	no	a	bambino	Le difficoltà e i successi ovviamente variano da	bambino a bambino	e da un ordine di scuola all'altro anche in base alle caratteristiche e le modalità organizzative dei vari tipi di scuola.	sg	PNPN	yes	distractor
banca a banca	no	a	banca	Secondo le parole del capo della Sezione riciclaggio del Dipartimento di giustizia degli Stati Uniti, Jennifer Shasky Calvery, durante una seduta del Congresso americano nel febbraio 2012: Le banche negli Stati Uniti sono usate per accogliere grandi quantità di capitali illeciti occultati nei bilioni di dollari che vengono trasferiti da	banca a banca	ogni giorno.	sg	PNPN	yes	distractor
banca a banca	no	a	banca	Al di là della comodità, dal punto di vista economico la convenienza della domiciliazione varia però non solo da	banca a banca	ma anche e soprattutto a seconda del tipo di conto che si intrattiene con l'istituto.	sg	PNPN	yes	distractor
banca a banca	no	a	banca	E in questo caso i costi sono diversi da	banca a banca	: nella tabella pubblicata sopra vengono riportati quindici esempi relativi al circuito Cirrus - Maestro, il più diffuso sulle carte di debito, da cui emerge che le commissioni variano dallo 0,25% al 4%, più (o in alternativa) le spese fisse.	sg	PNPN	yes	distractor
banca a banca	no	a	banca	l prezzo al dettaglio (diverso da	banca a banca	), poi, va aggiunta la commissione che può variare dai 50 ai 100 punti base.	sg	PNPN	yes	distractor
banca a banca	no	a	banca	Nonostante questo, i metodi di tariffazione sono differenti da	banca a banca	: nel caso del Banco Ambrosiano Veneto il servizio è completamente gratuito, ma per il cliente il costo dell'operazione dispositiva di bonifico è lo stesso della filiale.	sg	PNPN	yes	distractor
banca a banca	no	a	banca	Organizzazione di spostamento di capitale (conto) da	banca a banca	per porre sotto ricatto il sistema colpendolo dove più sanguina (I SOLDI).	sg	PNPN	yes	distractor
banca a banca	no	a	banca	Per chiudere questo mutuo dovrete pagare una penale del 3% (ma come si vede nella tabella la percentuale cambia da	banca a banca	e, in alcuni casi, il conteggio si può rivelare molto complicato) sull'ammontare del capitale ancora da rimborsare (2.091.736 lire).	sg	PNPN	yes	distractor
banca a banca	no	a	banca	Per quest'ultimo servizio non c'è alcuna differenza tra tessera vecchia e tessera nuova: sono rimaste in vigore, infatti, le precedenti condizioni economiche, diverse da	banca a banca	, ma in genere gratuite per prelievi agli sportelli automatici del proprio istituto e tariffate (in media dalle 2500 alle 3000 lire) per prelievi in qualsiasi altra banca diversa dalla propria.	sg	PNPN	yes	distractor
banca a banca	no	a	banca	Una volta compiuta la scelta vengono attivate le procedure di sicurezza, che variano, ma di poco, da	banca a banca	.	sg	PNPN	yes	distractor
banca a banca	no	a	banca	Va ricordato che la tessera Pagobancomat - utilizzabile per i pagamenti presso i punti convenzionati - prevede un costo annuo variabile da	banca a banca	ma è esente da commissioni per operazione e da costi di registrazione scrittura.	sg	PNPN	yes	distractor
bar a bar	no	a	bar	La cifra complessiva cambiava da	bar a bar	, ma erano tutti d'accordo che i ricorrenti avessero ottenuto circa cinque milioni di dollari.	sg	PNPN	yes	distractor
bar a bar	no	a	bar	Non gli avrebbe detto dove aveva passato la notte, non gli avrebbe raccontato di quel lungo vagabondaggio da	bar a bar	, cominciato subito dopo la sua telefonata e terminato con un sonno ristoratore assieme ai barboni della villa comunale.	sg	PNPN	yes	distractor
barca a barca	no	a	barca	Le circostanze della morte di Tony Santiago, nel 1961, sono state rimaste per molto tempo avvolte nel mistero, attualmente si ha quasi la certezza che cadde combattendo nella Corrente del Golfo - in un combattimento da	barca a barca	- mentre cercava di infiltrarsi in un gruppo di agenti della Cia.	sg	PNPN	yes	distractor
barca a barca	no	a	barca	Riflessa dall'acciaio nero della Moldava, l'agitazione variopinta dei giochi di luce faceva guizzare i suoi messaggi di fuoco da	barca a barca	, da zattera a zattera.	sg	PNPN	yes	distractor
biblioteca a biblioteca	no	a	biblioteca	Se vogliamo tracciare una storia di libertà di Stato, di ragione da Niccolò Machiavelli a Norberto Bobbio, non dovremo più peregrinare da città a città o da	biblioteca a biblioteca	, inseguire opere rare o dimenticate, ma basterà navigare saggiamente su Internet appellandosi a quello che oggi (ma sta per cambiare nome) è il sito Unipi, it: l'intreccio dei concetti più importanti della cultura occidentale ci arriverà così bell'incorniciato dal video.	sg	PNPN	yes	distractor
bocca a bocca	no	a	bocca	Come si diffondono, ingigantendosi nel passare da	bocca a bocca	o da scritto a scritto?	sg	PNPN	yes	distractor
bocca a bocca	no	a	bocca	Juanita si precipitò a praticarle la respirazione a	bocca a bocca	, ma l'altra, quando si riprese, per poco non la denunciò per atti osceni.	sg	PNPN	yes	distractor
bocca a bocca	no	a	bocca	Per non far cadere il sugo prendendolo con le dita, glielo passò da	bocca a bocca	.	sg	PNPN	yes	distractor
bocca a bocca	no	a	bocca	Sperava che saltasse fuori un veleno o una tossina, ma gli interessava anche sapere se Clive era positivo all'HIV, dato che gli aveva praticato la respirazione a	bocca a bocca	ed era entrato in contatto col suo sangue.	sg	PNPN	yes	distractor
bordo a bordo	no	a	bordo	Prima si tracciano delle linee in una direzione, da	bordo a bordo	.	sg	PNPN	yes	distractor
borsa a borsa	no	a	borsa	I biglietti di carta spessa, antica, resa da un indefinibile numero di passaggi da mano a mano, da	borsa a borsa	, così morbida e frusciante da sembrare stoffa, mandano un odore forte, come di pelle conciata.	sg	PNPN	yes	distractor
braccio a braccio	no	a	braccio	Sembrerà assurdo ma il movimento anti-vaccinista è nato ancor prima della vaccinazione, durante la variolazione, ovvero il passaggio del vaiolo da pustola a pustola, da	braccio a braccio	, che, tuttavia, presentava un tasso di mortalità piuttosto alto (intorno al 6-7%), che ha creato il rifiuto di questo tipo di terapia.	sg	PNPN	yes	distractor
brano a brano	no	a	brano	Cominciò il corpo a corpo tra la folla e la milizia e più nessuno ebbe pietà: il leone affamato non strappa così a	brano a brano	l'antilope che ha ucciso e che sta mangiando.	sg	PNPN	yes	distractor
brano a brano	no	a	brano	In questo fango si genererà poi una quantità di piccole mosche e di altri animaletti che si raggomitoleranno nel mio sangue e mi divoreranno a	brano a brano	.	sg	PNPN	yes	distractor
brano a brano	no	a	brano	Lo avevano strappato a	brano a brano	a coloro che conoscevano i poteri di concentrazione cosmica della Pietra Nera della Mecca, retaggio dei magi babilonesi - perché era chiaro a questo punto che la Torre di Babele altro non era stata che il tentativo, ahimè troppo affrettato e giustamente fallito per la superbia dei suoi progettisti, di costruire il menhir più potente di tutti, salvo che gli architetti babilonesi avevano fatto male i conti perché, come aveva dimostrato padre Kircher, se la torre avesse raggiunto il suo culmine, per il peso eccessivo avrebbe fatto ruotare di novanta gradi e forse più l'asse terrestre, e il nostro povero globo si sarebbe trovato, anziché con una corona itifallica che puntava erettile verso l'alto, con un'appendice sterile, una mentula afflosciata, una coda scimmiesca, che sballonzolava verso il basso, una Shekinah perduta negli abissi vertiginosi di un Malkut antartico, flaccido geroglifico per pinguini.	sg	PNPN	yes	distractor
brano a brano	no	a	brano	Talora le passava per la testa una fuggevole meraviglia: che si possa esser trascinati così mentre si muore a	brano a brano	, in mezzo a tutti gli altri, e nessuno se ne accorge...	sg	PNPN	yes	distractor
brano a brano	no	a	corpo	Talora le passava per la testa una fuggevole meraviglia: che si possa esser trascinati così mentre si muore a	brano a brano	, in mezzo a tutti gli altri, e nessuno se ne accorge…	sg	PNPN	yes	distractor
buio a buio	no	a	buio	Due mesi dopo, la sera della festa di classe, dopo gli auguri e le scenette e il rinfresco e il discorso della preside, all'una di notte siamo usciti e il cane è ricomparso, scheletrico, tutto storto, arrancava sulle zampe davanti trascinando l'altra metà paralizzata del corpo: ha attraversato la luce del lampione davanti alla laida siepe di tamerice davanti al cancello della scuola, strisciando da	buio a buio	.	sg	PNPN	yes	distractor
bunkr a bunker	no	a	bunker	Ma anche Saddam Hussein durante la Guerra del golfo si mosse da	bunkr a bunker	e nonostante gli sforzi americani molti di questi ultimi non sono mai stati messi in luce.	sg	PNPN	yes	distractor
camino a camino	no	a	camino	L'Atrium era pieno di persone che si spostavano da	camino a camino	, sigillandoli.	sg	PNPN	yes	distractor
campo a campo	no	a	campo	A Durazzo la voce si insegue da	campo a campo	, da casa a casa.	sg	PNPN	yes	distractor
campo a campo	no	a	campo	Per muovere il punto di inserzione da	campo a campo	, premere il tasto [tab] o selezionare con il mouse la casella desiderata.	sg	PNPN	yes	distractor
canino a canino	no	a	canino	Non sarei troppo esigente con l'editore, basterebbe un piccolo anticipo di dodici milioni (tale è la cifra che il mio dentista esige per il nuovo ponte superiore da	canino a canino	, altrimenti, aggiungendoci qualche dente, diciotto milioni e non se ne parla più), una bella copertina blu con il mio nome scritto in bianco ed eventualmente anche il titolo del libro, e... voilà, ecco un uomo felice!	sg	PNPN	yes	distractor
cantica a cantica	no	a	cantica	Ma da	cantica a cantica	il timbro espressivo deve cambiare, senza inutili stacchi, ma alla ricerca di una omogeneità linguistica che caratterizzi, ora, il Purgatorio rispetto all'Inferno.	sg	PNPN	yes	distractor
capitolo a capitolo	no	a	capitolo	All'interno del bilancio amministrativo, la Commissione può procedere, nei limiti e alle condizioni fissate dal regolamento stabilito in esecuzione dell'articolo 78 nono, a trasferimenti di crediti, sia da	capitolo a capitolo	, sia da suddivisione a suddivisione.	sg	PNPN	yes	distractor
capoluogo a capoluogo	no	a	capoluogo	La spesa delle famiglie delle imprese per l'acqua varia notevolmente in Italia, da	capoluogo a capoluogo	- spiega Samir Traini, l'economista che ha lavorato alla costruzione del portale - Questa variabilità è più contenuta fra i comuni della provincia di Genova che, per quanto riguarda le spese delle famiglie, ricadono tutti, tranne Busalla, nella fascia tariffaria più elevata.	sg	PNPN	yes	distractor
carineria a carineria	no	a	carineria	Sommando così	carineria a carineria	.	sg	verbal	yes	distractor
carte a carte	no	a	carte	Aveva opposto	carte a carte	, legge a legge.	pl	verbal	yes	distractor
casa a casa	no	a	casa	A Durazzo la voce si insegue da campo a campo, da	casa a casa	.	sg	PNPN	yes	distractor
casa a casa	no	a	casa	Nel tragitto che percorro ogni settimana, da	casa a casa	, osservo il paesaggio mutare attraverso il finestrino del pullman, vedo il suo degradare da montagne a colline, alla pianura con le sue campagne e, infine, alla città.	sg	PNPN	yes	distractor
casa a casa	no	a	casa	Quelle ricette sempre uguali a se stesse, eppure diverse da	casa a casa	.	sg	PNPN	yes	distractor
casella a casella	no	a	casella	Per questo motivo oggi sono necessari anche i portalettere: quando passeremo alla posta elettronica pura, cioè che viaggia da	casella a casella	(la casella è un apparecchio tipo Internet) allora si vedrà.	sg	PNPN	yes	distractor
casello a casello	no	a	casello	Si va da	casello a casello	, e quello che sta in mezzo sfugge dice con un sorriso Orazio Corti nella sua locanda di Tavarnuzze, ricavata da un'antica casa di scalpellini.	sg	PNPN	yes	distractor
casello a casello	no	a	casello	È bene ricordare, quando si parla di codice della strada, che la questione non è di costume, anche se il costume italiano, almeno dal Sorpasso in avanti, è sapidamente influenzato dalla nostra condotta al volante, che alimenta infinite barzellette e conversazioni quasi inesauribili, da	casello a casello	.	sg	PNPN	yes	distractor
casello a casello	no	a	casello	Il viaggio da	casello a casello	con una utilitaria a gasolio, dalla Capitale alla Madonnina (nelle tabelle in questa pagina ci sono altri esempi, il Roma - Napoli e il Milano - Torino), costa più del doppio dei 22 euro necessari in un mondo senza accise e Iva.	sg	PNPN	yes	distractor
casello a casello	no	a	casello	Masotti padre, per l'incazzatura, prese su e andò da Bologna a Taranto in tre ore da	casello a casello	, tanto che il camion si surriscaldò e arrivò a destinazione un gigantesco carico di fritto il cui odore appetitoso fu sentito in tutta la città dei due mari.	sg	PNPN	yes	distractor
caserma a caserma	no	a	caserma	Che invece d'una esercitazione notturna o d'uno spostamento di forze da	caserma a caserma	si trattasse d'una manovra connessa al problema della Torre?	sg	PNPN	yes	distractor
caso a caso	no	a	caso	Dato che le situazioni possono essere molto diverse da	caso a caso	, si consiglia di chiedere indicazioni sulla prassi per il disconoscimento al Consultorio ad un avvocato, al Tribunale per i minorenni o al Servizio Sociale del proprio comune.	sg	PNPN	yes	distractor
caso a caso	no	a	caso	Dipende molto da	caso a caso	, perché il lavoro sta cambiando e le categorie restano quelle tradizionali.	sg	PNPN	yes	distractor
caso a caso	no	a	caso	I risultati sono estremamente variabili da	caso a caso	.	sg	PNPN	yes	distractor
caso a caso	no	a	caso	Il terzo stadio consiste in una nuova riduzione del numero dei dipendenti, contestuale a una profonda riorganizzazione, diversa da	caso a caso	ma sempre all'insegna del decentramento.	sg	PNPN	yes	distractor
caso a caso	no	a	caso	Naturalmente, da	caso a caso	, determinati elementi avranno un peso maggiore (ad esempio il titolo per un manifesto).	sg	PNPN	yes	distractor
caso a caso	no	a	caso	Nonostante l'omogeneità delle indicazioni di legge, la realtà dei Consultori nelle Regioni risulta diversa da	caso a caso	.	sg	PNPN	yes	distractor
caso a caso	no	a	caso	Per quanto riguarda i lavoratori autonomi, l'accesso alle singole professioni è regolato da requisiti diversi da	caso a caso	(titoli di studio, esami o concorsi di stato, iscrizioni ad Albi o Ordini professionali ecc.)	sg	PNPN	yes	distractor
casta a casta	no	a	casta	E se sono gli stessi, come mai non si rendono conto che la cosiddetta antipolitica, inevitabilmente, riguarda anche loro, riguarda il loro casting di ogni giorno, riguarda il vincolo strettissimo e asfissiante che hanno stabilito, da	casta a casta	, con i politici e le loro parole, non tutte storiche, non tutte indispensabili, non tutte interessanti?	sg	PNPN	yes	distractor
categoria a categoria	no	a	categoria	Analogamente può essere trasferito da categoria a categoria e da specialità a specialità il sottufficiale e il volontario in congedo della Marina militare, da ruolo a ruolo e da	categoria a categoria	il sottufficiale e il volontario in congedo dell'Aeronautica militare.	sg	PNPN	yes	distractor
categoria a categoria	no	a	categoria	Analogamente può essere trasferito da	categoria a categoria	e da specialità a specialità il sottufficiale e il volontario in congedo della Marina militare, da ruolo a ruolo e da categoria a categoria il sottufficiale e il volontario in congedo dell'Aeronautica militare.	sg	PNPN	yes	distractor
categoria a categoria	no	a	categoria	Negli ultimi anni il fatturato dei professionisti - spiega Gaetano Stella, presidente di Confprofessioni - è calato da	categoria a categoria	dal 20 al 40 per cento.	sg	PNPN	yes	distractor
cellula a cellula	no	a	cellula	Esistono infatti in natura, e sono particolarmente presenti nelle cellule nervose, aminoacidi che esercitano o un'azione inibitoria (= di controllo) o un'azione eccitatoria (= di facilitazione) sulla generazione e propagazione dell'impulso elettrico da	cellula a cellula	.	sg	PNPN	yes	distractor
cellula a cellula	no	a	cellula	L'apertura di questi canali contribuisce a controllare l'eccitabilità della cellula e la liberazione di neurotrasmettitori, i quali veicolano i messaggi da	cellula a cellula	.	sg	PNPN	yes	distractor
cellula a cellula	no	a	cellula	Tra tutte le teorie, la più interessante è sembrata essere quella che indica la presenza di un'alterazione a carico delle sostanze deputate al trasporto dell'impulso nervoso da	cellula a cellula	, i cosiddetti neurotrasmettitori (noradrenalina, dopamina, serotonina, e Gaba).	sg	PNPN	yes	distractor
cellule a cellule	no	a	cellule	Se un antigene viene presentato dalle cellule specializzate nel presentare l'antigene, determina anche l'attivazione linfocitaria e la differenziazione di queste	cellule a cellule	effettrici.	sg	N_extended	no	distractor
centro a centro	no	a	centro	Inoltre, a causa della mancanza di standard unici, le condizioni variano da	centro a centro	e in alcuni di questi ci sono dubbi sul rispetto dei diritti umani.	sg	PNPN	yes	distractor
centro a centro	no	a	centro	La distanza di questi fra di loro deve essere - da	centro a centro	- di mm. 66.	sg	PNPN	yes	distractor
centro a centro	no	a	centro	La distanza fra le grandi colonne è pari, da	centro a centro	, a 4,52 metri - nel disegno è di 4,51 metri.	sg	PNPN	yes	distractor
centro a centro	no	a	centro	Per il Novecento, il record di vicinanza è già alle nostre spalle e fu stabilito il 4 gennaio 1912, quando tra la Terra e la Luna, da superficie a superficie, intercorsero 348.259 chilometri (e 356.375 da	centro a centro	dei due corpi celesti).	sg	PNPN	yes	distractor
ceppo a ceppo	no	a	ceppo	Gli enzimi di parecchi ceppi possono essere confrontati mediante tecniche statistiche che rivelano la divergenza genetica relativa da	ceppo a ceppo	.	sg	PNPN	yes	distractor
cervello a cervello	no	a	cervello	Così, l'uomo ha dovuto confrontarsi con la donna in modo diverso, da	cervello a cervello	, e abbandonare il mito dei muscoli.	sg	PNPN	yes	distractor
chiusura a chiusura	no	a	chiusura	In questa prospettiva il calo del BTp future, che da	chiusura a chiusura	è passato da 112,52 a 111,36, non può essere considerato drammatico: sulla scadenza decennale lo spread rispetto ai Bund tedeschi si è allargato solo di poco, a 68 punti base a fine giornata contro i 64 del giorno prima.	sg	PNPN	yes	distractor
ciglio a ciglio	no	a	ciglio	Se il confine si trova in un fosso comune o in una via privata, la distanza si misura da	ciglio a ciglio	o dal ciglio al lembo esteriore della via (911).	sg	PNPN	yes	distractor
cinema a cinema	no	a	cinema	Al Warner Theatre di New York si proietta Don Juan: non è ancora un film parlato, ma contiene i rumori in sincrono (chiusura e apertura di porte, di automobili, di movimenti di sedie) e musica non più affidata a un pianista solitario o a una orchestra diversa, da	cinema a cinema	, che sceglie gli spartiti a suo piacimento, ma musica registrata, appositamente creata per il film.	sg	PNPN	yes	distractor
circoscrizione a circoscrizione	no	a	circoscrizione	Il numero di liste varia invece da	circoscrizione a circoscrizione	: a Bologna in totale sono 16.	sg	PNPN	yes	distractor
cittadino a cittadino	no	a	cittadino	Così la guerriglia non è stata organizzata da gruppi d'élite, da attivisti di qualche sorta, da una punta di diamante, ma si è sviluppata spontaneamente, come una sorta di tam tam, di trasmissione bocca a bocca da	cittadino a cittadino	.	sg	PNPN	yes	distractor
classe a classe	no	a	classe	Quando le incursioni maschili da	classe a classe	partivano, lui restava inchiodato al suo banco con aria ostentatamente indifferente, a sfogliacchiare il volume di testo dell'ora dopo, anche se, con l'orecchio più vicino alla porta della sua classe, non poteva fare a meno di seguire lo svolgimento dei fatti a pochi metri di distanza nell'affollato corridoio.	sg	PNPN	yes	distractor
codice a codice	no	a	codice	È anche il caso delle trascrizioni da	codice a codice	.	sg	PNPN	yes	distractor
codice a codice	no	a	codice	Mi sembra che ci sia una linea maestra lungo la quale procedere, una linea guida: nel momento in cui si è riconosciuta alla traduzione la dignità di testo, nel momento in cui si è arrivati a concepire la traduzione come passaggio da testo a testo e non più da	codice a codice	, idea quest'ultima tipica della linguistica strutturalistica entrata in crisi insieme alla discipline formalistiche da cui era nata, non è possibile continuare a pensare che la traduzione letteraria sia sottoposta a regole prestabilite e fisse, in questo caso la traduzione non sarebbe testo.	sg	PNPN	yes	distractor
collega a collega	no	a	collega	A una sola condizione, da	collega a collega	: Non citarmi mai, si capisce.	sg	PNPN	yes	distractor
collega a collega	no	a	collega	Ne parlava da	collega a collega	, senza assumere atteggiamenti da maestro ad allievo, e questo mi colpiva più di qualunque gesto di generosità, mi suscitava un vero calore di amicizia per lui.	sg	PNPN	yes	distractor
collega a collega	no	a	collega	Pongo solo un dubbio deontologico, da	collega a collega	.	sg	PNPN	yes	distractor
collina a collina	no	a	collina	Adesso qui, come in Borgogna, siamo concentrati su come il Barolo si esprima da	collina a collina	, da vigna a vigna negli undici Comuni della zona.	sg	PNPN	yes	distractor
collisione a collisione	no	a	collisione	A parità di peso atomico, il rapporto E1 E2 è compreso tra 1 e (1 + a) 2, anche se in realtà J varia statisticamente da	collisione a collisione	.	sg	PNPN	yes	distractor
colpo a colpo	no	a	colpo	Lui va avanti, martella e inchioda, sale e scende e sposta la scala e ci risale, chiude a	colpo a colpo	il muro esterno della casa che si è costruito.	sg	PNPN	yes	distractor
coltura a coltura	no	a	coltura	Si è visto che la colza GM è una coltura ad alto rischio per quanto riguarda il flusso di geni da	coltura a coltura	, e il mais GM è una coltura a rischio medio - alto.	sg	PNPN	yes	distractor
commento a commento	no	a	commento	Volti tirati, ma è inutile aggiungere	commento a commento	.	sg	verbal	yes	distractor
commissione a commissione	no	a	commissione	Da ultimo, quanto costa mandare i figli a questa o a quella scuola e fornire due dati sui risultati degli ultimi esami di maturità, anche se il metro di giudizio varia spesso da	commissione a commissione	.	sg	PNPN	yes	distractor
compagnia a compagnia	no	a	compagnia	Considerando le polizze standard, le formule possono variare da	compagnia a compagnia	, così come variano il costo e le percentuali di copertura.	sg	PNPN	yes	distractor
compagnia a compagnia	no	a	compagnia	Da	compagnia a compagnia	le condizioni possono variare sensibilmente.	sg	PNPN	yes	distractor
compagnia a compagnia	no	a	compagnia	Il costo del biglietto può variare da	compagnia a compagnia	.	sg	PNPN	yes	distractor
compagnia a compagnia	no	a	compagnia	Sulle polizze nuove le provvigioni variano da ramo a ramo e da	compagnia a compagnia	(dal 10 al 20 per cento).	sg	PNPN	yes	distractor
comparto a comparto	no	a	comparto	Ciò però in un contesto che si presenta molto differenziato da	comparto a comparto	e all'interno di ciascuno di essi.	sg	PNPN	yes	distractor
competizione a competizione	no	a	competizione	È importante comunque leggere i vari regolamenti che possono variare da	competizione a competizione	.	sg	PNPN	yes	distractor
complicazione a complicazione	no	a	complicazione	La lentezza con la quale si sta trattando l'assegnazione delle frequenze ai cinque gestori che potrebbero iniziare a operare nel 2002 (frequenze che, attualmente, sono occupate dalle televisioni per i loro ponti radio), potrebbe aggiungere	complicazione a complicazione	, rendendo ancora più difficile l'adozione del nuovo sistema.	sg	verbal	yes	distractor
complotto a complotto	no	a	complotto	Un progetto astratto di complotto migrava da	complotto a complotto	.	sg	PNPN	yes	distractor
computer a computer	no	a	computer	Oggi è possibile fare chiamate in voce tramite la rete e non solo da	computer a computer	, ma anche da un computer a un normale apparecchio telefonico, spiegano gli analisti della Phillips Tarifica.	sg	PNPN	yes	distractor
computer a computer	no	a	computer	Il teleshopping è un'applicazione dell'Edi, Electronic data interchange, scambio elettronico di dati da	computer a computer	senza che si ricorra mai, neppure in fase di archiviazione, a un supporto cartaceo.	sg	PNPN	yes	distractor
comune a comune	no	a	comune	Con le limitazioni in termini di trasferte e spostamenti da regione a regione e in alcuni casi da	comune a comune	, bisogna saper attirare non tanto il turista che viene da fuori ma chi ogni giorno vive della nostra stessa montagna.	sg	PNPN	yes	distractor
comune a comune	no	a	comune	Domenica 28 blocco antismog Stop al traffico in 100 comuni Cento Comuni di sette regioni del Nord Italia (Lombardia, Piemonte, Liguria, Veneto, Emilia - Romagna, Friuli Venezia - Giulia e Trentino) con l'aggiunta di Napoli hanno dato il via libera al blocco del traffico per domenica 28 febbraio con orari variabili da	comune a comune	.	sg	PNPN	yes	distractor
comune a comune	no	a	comune	I contributi ed aiuti sociali esistono in Italia, ma il sistema varia da	comune a comune	.	sg	PNPN	yes	distractor
comune a comune	no	a	comune	I fabbisogni di spesa pro capite risultano assai diversi da	comune a comune	e ciò riflette esclusivamente le differenze dei comuni italiani in termini di caratteristiche sociali, economiche e territoriali.	sg	PNPN	yes	distractor
comune a comune	no	a	comune	L'altra ipotesi in campo è una formula che segue quelle già operative in Lombardia, Lazio e Campania: orari di bar e ristoranti ridotti, didattica a distanza e contenimento degli spostamenti non indispensabili da	comune a comune	.	sg	PNPN	yes	distractor
comune a comune	no	a	comune	La differenza percentuale fra livello minimale e medio della spesa standard varia però in modo sensibile da	comune a comune	e fra gruppi di comuni.	sg	PNPN	yes	distractor
comune a comune	no	a	comune	La distribuzione degli anziani, in particolare, risulta fortemente variabile da regione a regione e, a livello locale, anche da	comune a comune	.	sg	PNPN	yes	distractor
comune a comune	no	a	comune	Limitare gli spostamenti, anche da	comune a comune	, serve a diminuire gli incontri tra le persone e, dunque, la circolazione del virus.	sg	PNPN	yes	distractor
comune a comune	no	a	comune	Questa procedura, necessaria per evitare squilibri nei bilanci comunali, genera però un impatto sul reddito disponibile dei cittadini diverso da	comune a comune	in funzione dell'aliquota ICI in vigore.	sg	PNPN	yes	distractor
concessionario a concessionario	no	a	concessionario	In vendita al prezzo di listino di 10,8 milioni (in realtà molto più basso grazie alle tante offerte promozionali che variano da	concessionario a concessionario	), questa Honda continua ad essere molto attuale: grande protezione aerodinamica, e motore monocilindrico a 4 tempi di 244 cc da 17 Cv garantiscono prestazioni di tutto rilievo.	sg	PNPN	yes	distractor
confine a confine	no	a	confine	In Finlandia si disputa la marcia sciistica non competitiva più lunga del mondo: la Rajalta rajalle - hiihto (che tradotto dal finlandese significa Sciata da	confine a confine	), più di 400 chilometri percorsi costeggiando il Circolo polare artico da Saunavaara, vicino alla Russia, fino alla Svezia.	sg	PNPN	yes	distractor
confine a confine	no	a	confine	Il traffico di transito delle merci attraverso le Alpi da	confine a confine	avviene per ferrovia.	sg	PNPN	yes	distractor
confusione a confusione	no	a	confusione	Aggiunge	confusione a confusione	.	sg	verbal	yes	distractor
confusione a confusione	no	a	confusione	È un momento storico, aggiunge la nota, «che esige di non disperdere il voto, per non aggiungere	confusione a confusione	».	sg	verbal	yes	distractor
congresso a congresso	no	a	congresso	Oltretutto non è detto che quell'ateneo abbia davvero bisogno in quel momento del migliore nel suo campo: se la materia è fisica, potrebbe già avere in casa un premio Nobel, ma si sa, i grandi studiosi viaggiano molto da	congresso a congresso	, talora sono più bravi a pensare che a insegnare, e a quell'ateneo fa invece comodo un giovane professore noto per la sue qualità didattiche, capace di dare ascolto agli studenti e di seguire con passione le tesi.	sg	PNPN	yes	distractor
consenso a consenso	no	a	consenso	E non è certamente un caso il successo via via più incontrastabile del pool di Fabio Fazio, forse l'incarnazione tv più credibile del partito democratico in veste veltronica, un infotainment che crea consenso, anzi, che somma	consenso a consenso	, riuscendo perfino a proporre al pubblico in prima serata scrittori come Mario Rigoni Stern e Luigi Menghello.	sg	verbal	yes	distractor
corpo a corpo	no	a	corpo	Abbandonando la grande guerra - la guerra dei principi - che se da un lato ha le sue emozioni e i suoi grandiosi risultati, serba dall'altro in ogni ora il rispetto verso il nemico, i più fra i militi che li compongono, senza pur ascoltare la voce dei capi, si azzufferanno a	corpo a corpo	coi nemici, di null'altro più desiosi, che di far loro il maggior danno possibile.	sg	PNPN	yes	distractor
corpo a corpo	no	a	corpo	Così Alba venne a conoscenza di un principe che aveva dormito cent'anni, di damigelle che lottavano a	corpo a corpo	con i draghi, di un lupo perduto nel bosco al quale una bambina aprì la pancia senza motivo.	sg	PNPN	yes	distractor
corpo a corpo	no	a	corpo	Le tattiche riflettono le tradizionali forme di lotta a	corpo a corpo	.	sg	PNPN	yes	distractor
corpo a corpo	no	a	corpo	Mi sono avvicinato all'opera da	corpo a corpo	, fino all'imitazione della circoncisione.	sg	PNPN	yes	distractor
corpo a corpo	no	a	corpo	Sembrano interconnesse in una sfida infinita che si tramanda da	corpo a corpo	, da anima ad anima, da essere ad essere.	sg	PNPN	yes	distractor
corpo a corpo	no	a	corpo	Un classico contemporaneo a tu per tu, o meglio a	corpo a corpo	, con l'eternità del classico.	sg	PNPN	yes	distractor
danno a danno	no	a	danno	Guai se non fosse così - ha tuonato Romiti - poiché dopo tanti sforzi si aggiungerebbe	danno a danno	.	sg	verbal	yes	distractor
danno a danno	no	a	danno	Le larve di questi insetti, subdoli untori, per aggiungere	danno a danno	, oltre che infestare i tessuti con attacchi diretti sono portatrici di noiosissime dermatiti o congiuntiviti che mietono vittime tra gli umani ipersensibili.	sg	verbal	yes	distractor
decibel a decibel	no	a	decibel	Tutti in fila verso l'ingresso del Motodrom, con le bandiere sottobraccio e le trombe da stadio per aggiungere	decibel a decibel	quando Michael e Ralf fanno guaire il motore sotto le tribune.	sg	verbal	yes	distractor
deficit a deficit	no	a	deficit	tutto vero, dirà il pensionato, ma è anche vero che se sommo	deficit a deficit	prima o poi il buco diventerà tanto grande che sarà difficile riempirlo.	sg	verbal	yes	distractor
deposito a deposito	no	a	deposito	Le voci, le ipotesi, le telefonate tra colleghi di Sorbo e di De Santi rimbalzano da	deposito a deposito	.	sg	PNPN	yes	distractor
destra a destra	no	a	destra	I gruppi politici di sinistra stanno a sinistra rispetto al tavolo della presidenza, quelli di centro al centro e quelli di	destra a destra	.	sg	N_extended	no	distractor
difficoltà a difficoltà	no	a	difficoltà	Dalla scatola a sorpresa della nostra politica, che non riesce a correggere se stessa, rischiano continuamente di uscire riforme sbagliate , che aggiungono	difficoltà a difficoltà	.	sg	verbal	yes	distractor
dinamitardo a dinamitardo	no	a	dinamitardo	Come se un testimone fosse passato di mano da	dinamitardo a dinamitardo	, nella penisola arabica una banda è riuscita nella non difficile impresa fallita in Gran Bretagna, ammazzare indifesi con il tritolo.	sg	PNPN	yes	distractor
diocesi a diocesi	no	a	diocesi	I trasferimenti da	diocesi a diocesi	- secondo il porporato - dovrebbero avvenire solo in casi eccezionali.	sg	PNPN	yes	distractor
disappunto a disappunto	no	a	disappunto	Si diede subito della stupida e questo fatto aggiunse	disappunto a disappunto	.	sg	verbal	yes	distractor
disastro a disastro	no	a	disastro	E poi, se la pioggia rimane così debole non può certo aggiungere	disastro a disastro	.	sg	verbal	yes	distractor
disastro a disastro	no	a	disastro	Se dovesse piovere, si aggiungerebbe	disastro a disastro	.	sg	verbal	yes	distractor
disciplina a disciplina	no	a	disciplina	In più, il grado di sconnessione varia da	disciplina a disciplina	.	sg	PNPN	yes	distractor
disordine a disordine	no	a	disordine	Ho sbagliato a venire fin qua per te, ho sommato solo	disordine a disordine	, malgrado la tua gentilezza, la tua disponibilità.	sg	verbal	yes	distractor
distorsione a distorsione	no	a	distorsione	Il fatto è che il monopolio, privato o pubblico che sia, modella di sè il sistema e aggiunge	distorsione a distorsione	finché tutti hanno torto, avendo tutti ottime ragioni.	sg	verbal	yes	distractor
distretto a distretto	no	a	distretto	Tra l'altro, per fronteggiare il ripetersi di cause di questo tipo, i tribunali hanno messo a punto una sorta di tabella dei rimborsi, che varia da	distretto a distretto	.	sg	PNPN	yes	distractor
dolore a dolore	no	a	dolore	Non aggiungete	dolore a dolore	, tragedia a tragedia…	sg	verbal	yes	distractor
donna a donna	no	a	donna	Ai margini di un recente convegno sulla giustizia minorile, una procuratore aggiunta raccontava da	donna a donna	una storia che però non poteva mettere nelle sue relazioni ufficiali, la storia di Miriam, una bambina nordafricana di 11 anni, e di Carla, la sua compagna di banco italiana.	sg	PNPN	yes	distractor
donna a donna	no	a	donna	Allora andò alla Chiesa di Lourdes, pregando che il parroco basco non si facesse vivo, si inginocchiò davanti all'altare, come aveva fatto tante volte nella sua vita, e per la prima volta si rivolse alla Vergine per parlarle da	donna a donna	.	sg	PNPN	yes	distractor
donna a donna	no	a	donna	C'è una donna vescovo, adesso, negli Stati Uniti, forse potrei chiamarla, forse lei potrebbe arrivare a Vina e, non so, forse, parlandole da	donna a donna	, intercedere per me.	sg	PNPN	yes	distractor
donna a donna	no	a	donna	E da	donna a donna	, hanno chiesto alle straniere che avevano abortito di raccontare se conoscono la contraccezione, e per quale motivo hanno deciso di non proseguire la gravidanza.	sg	PNPN	yes	distractor
donna a donna	no	a	donna	Gli parlò come si potrebbe parlare da	donna a donna	, avvertendo un senso di complicità davvero strano verso una persona che, in fondo, conosceva solo superficialmente da pochi mesi.	sg	PNPN	yes	distractor
donna a donna	no	a	donna	Il deficit estrogenico ha una serie di effetti a breve, medio e lungo termine differenti per incidenza da	donna a donna	in base anche a fattori costituzionali e socio-ambientali ma comunque capaci in molti casi di minare gravemente lo stato di salute generale attraverso il danneggiamento di numerosi organi ed apparati (cardiovascolare, nervoso, cutaneo, osseo, uro - genitale).	sg	PNPN	yes	distractor
donna a donna	no	a	donna	L'intensità del dolore in questa fase varia molto da	donna a donna	.	sg	PNPN	yes	distractor
donna a donna	no	a	donna	La signorina Griffin ed io abbiamo fatto una lunga chiacchierata, da	donna a donna	, ed abbiamo tratto il massimo l'una dall'altra.	sg	PNPN	yes	distractor
donna a donna	no	a	donna	Le due donne, da	donna a donna	, devo dire che non mi sono piaciute, né la bidella né la barista col suo coniglio.	sg	PNPN	yes	distractor
donna a donna	no	a	donna	Ma se vuole un consiglio da	donna a donna	non lo farei.	sg	PNPN	yes	distractor
donna a donna	no	a	donna	Quali sono i fattori che determinano queste differenze da	donna a donna	?	sg	PNPN	yes	distractor
donna a donna	no	a	donna	Se mi fossi presentata nella maniera giusta, ho pensato, se le avessi parlato da	donna a donna	, lei avrebbe capito.	sg	PNPN	yes	distractor
donna a donna	no	a	donna	Sono villana, lo sai già, e se c'è qualcosa che mi mette di malumore sono le sedute di confidenze da	donna a donna	, per cui gradirei che mi risparmiassi le tue.	sg	PNPN	yes	distractor
donna a donna	no	a	donna	Vai ora, non stare a perdere tempo, aggiungi	donna a donna	, e non metterti a contare.	sg	verbal	yes	distractor
donne a donne	no	a	donna	Da	donne a donne	, hanno chiesto alle straniere che avevano abortito di raccontare se conoscono la contraccezione, e per quale motivo hanno deciso di non proseguire la gravidanza.	pl	PNPN	yes	distractor
dorso a dorso	no	a	dorso	Certamente facendo percorsi trekking (che durano più di un giorno) scendendo al fiume a piedi o a	dorso a dorso	di mulo o effettuando il giro in elicottero, la fruizione del canyon sarebbe stata più intensa ma abbiamo scartato i primi per questioni anagrafiche di due di noi (la pendenza è notevole) e la seconda per esplicito rifiuto di Stefania di salire su un coso che reputa poco sicuro.	sg	PNPN	yes	distractor
edificio a edificio	no	a	edificio	Gallerie che portano da	edificio a edificio	, si finge di entrare in un deposito di grano o in un fondaco e si fuoriesce in una chiesa.	sg	PNPN	yes	distractor
egemonia ad egemonia	no	a	egemonia	Perché l'Ulivo ha avuto l'abilità - se possiamo considerarla un'abilità - di aggiungere	egemonia ad egemonia	.	sg	verbal	yes	distractor
eguale a eguale	no	a	eguale	Perché se è vero che noi oggi proclamiamo la nostra indipendenza d'intesa col Belgio, paese amico col quale oggi trattiamo da	eguale a eguale	, è pur vero che nessun congolese degno di questo nome potrà dimenticare che questa indipendenza è stata conquistata con una lotta condotta giorno per giorno, una lotta ardente e idealista, una lotta nella quale non abbiamo risparmiato le nostre forze, né le sofferenze, né i sacrifici, né il sangue.	sg	PNPN	yes	distractor
elaboratore a elaboratore	no	a	elaboratore	Le regole del protocollo TCP IP consentono il trasferimento di pacchetti di dati da	elaboratore a elaboratore	.	sg	PNPN	yes	distractor
elemento a elemento	no	a	elemento	La concentrazione, a cui una sostanza provoca inquinamento, varia molto da	elemento a elemento	: pochi miliardesimi di grammo (nanogrammi) per metro cubo di aria di benzopirene provocano un danno maggiore di una decina di milligrammi per metro cubo di ossido di carbonio.	sg	PNPN	yes	distractor
ente a ente	no	a	ente	Bergoglio sollecita una maggiore mobilità da	ente a ente	, blocca gli straordinari, i rinnovi dei contratti a tempo determinato, i nuovi incarichi professionali, i passaggi di livello e, ovviamente, le assunzioni.	sg	PNPN	yes	distractor
ente a ente	no	a	ente	I particolari di questi approcci variano da	ente a ente	.	sg	PNPN	yes	distractor
episodio a episodio	no	a	episodio	Lo avrebbe appreso a pezzi e bocconi quando a Tiziano Sclavi andava di mettere un poco d'ordine nella sua opera ribollente e provava a saldare	episodio a episodio	, ma troppo presto finiva per interrompere la ricerca, sollecitato da un'altra tentazione.	sg	verbal	yes	distractor
epoca a epoca	no	a	epoca	È vero che il concetto di giustizia cambia da	epoca a epoca	e da contesto a contesto, ma il bisogno di giungere a una sua rappresentazione condivisa rimane costante e immutabile.	sg	PNPN	yes	distractor
epoca a epoca	no	a	epoca	Non credo che saranno molto diversi da quelli attuali, l'etica è sempre la stessa, da	epoca a epoca	possono venirne cambiate le applicazioni secondo il livello delle conoscenze.	sg	PNPN	yes	distractor
eresia a eresia	no	a	eresia	Intervenendo nelle fasi recessive, riducendo la pressione fiscale, abbassando i tassi d'interesse, sostenendo la domanda, per poi avviare una politica di segno opposto quando l'economia recupera: senza paura di indebitarsi - continua aggiungendo	eresia a eresia	- e giocando sull'inflazione che non è poi quel mostro che tutti dicono.	sg	verbal	yes	distractor
errore a errore	no	a	errore	Non aggiungiamo	errore a errore	.	sg	verbal	yes	distractor
essere ad essere	no	a	essere	Sembrano interconnesse in una sfida infinita che si tramanda da corpo a corpo, da anima ad anima, da	essere ad essere	.	sg	PNPN	yes	distractor
euro a euro	no	a	euro	Chi ha un ricco conto in banca e pensa di fare il furbo, aggiungendo	euro a euro	, non ne vedrà uno.	sg	verbal	yes	distractor
euro a euro	no	a	euro	Salvo che il fatto costituisca reato, il mancato rispetto, da parte del debitore, dei termini di pagamento stabiliti al comma 3 è punito con sanzione amministrativa pecuniaria da 500	euro a euro	500.000.	sg	N_extended	no	distractor
fabbricato a fabbricato	no	a	fabbricato	Poi, però, bisogna distinguere da	fabbricato a fabbricato	.	sg	PNPN	yes	distractor
Vichy su Vichy	no	su	Vichy	Citazione: si esattamente erano collaborazionisti esattamente come tutta la repubblica	Vichy su Vichy	non ci piove, ma sulle SS permettimi di dissentire per due motivi: - arruolamento volontario - giuramento di fedeltà al fuhrer e allla causa nazional-socialista - iniziazione mistica.	X	N_extended	no	distractor
10 su 10	no	su	10	E mentre Berlusconi si assegna un	10 su 10	,  gli analisti affermano che il governo ha sprecato il suo primo anno .	X	NumPNum	no	distractor
10 su 10	no	su	10	Vorrei che ogni italiano, o almeno 8 su 10 sappiano cosa sia la Milano Sanremo, se	10 su 10	sanno cosa è il Giro.	X	NumPNum	no	distractor
100 su 100	no	su	100	Anni dopo Bernardini ripropone lo stesso quesito in una scuola elementare, e	100 su 100	rispondono:  50 anni	X	NumPNum	no	distractor
100 su 100	no	su	100	Delle 20 regioni prese in esame da un gruppo di esperti in comunicazione, sociologia, diritti del cittadino, il portale della Regione Emilia-Romagna risulta primo classificato con un risultato di	100 su 100	per quanto riguarda il rapporto amministrazione-cittadini, davanti a Veneto (89/100) e Liguria (80/100).	X	NumPNum	no	distractor
100 su 100	no	su	100	Il punteggio minimo ottenuto dai nostri studenti è di 28,57, contro quello ottenuto dall' Emilia Romagna di 0,0 e dal Nord Est di 14,29, mentre è allineato il punteggio massimo:	100 su 100	.	X	NumPNum	no	distractor
100 su 100	no	su	100	Il valore modale ottenuto è di	100 su 100	, questo è quindi il valore che ricorre più frequentemente.	X	NumPNum	no	distractor
11 su 11	no	su	11	Da ricordare la prestazione contro il Belgio allorchè ne ha effettuate	11 su 11	tiri nello specchio della porta degli avversari.	X	NumPNum	no	distractor
110 su 110	no	su	110	Luciano Fonzi esprime il seguente giudizio: Laureato in Scienze Biologiche presso la Università di Siena nel 1969 con	110 su 110	e lode.	X	NumPNum	no	distractor
119 su 119	no	su	119	Attivate al 100 % le procedure di bonifica per i siti inquinati a breve termine, in tutto	119 su 119	, e al 58 % quelle per i 146 siti a medio termine, mentre per i 60 siti di piano definiti ' in approfondimentò (considerati a medio termine nell' attesa della definitiva classificazione nell' ambito dell' approvazione dei Piani Provinciali), tale percentuale scende al 32 %.	X	NumPNum	no	distractor
18 su 18	no	su	18	Il documento ha ottenuto l' unanimità dei voti:	18 su 18	presenti e aventi diritto al voto.	X	NumPNum	no	distractor
18 su 18	no	su	18	Io penso che se una persona si impegna, comincia a farlo all' universita' ... magari prendendo dei buoni voti agli esami senza andare a tentare, strappando	18 su 18	.	X	NumPNum	no	distractor
18 su 18	no	su	18	La serie A ha votato compatta,	18 su 18	- afferma Galliani - per il ' lodo' che ha preso il mio nome, che prevedeva 3 retrocessioni dalla A e 5 promozioni dalla B, e dall' anno prossimo a regime 3 retrocessioni e 3 promozioni.	X	NumPNum	no	distractor
19 su 19	no	su	19	A Lecco si è registrato una adesione del 100 per cento (hanno scioperato	19 su 19	) così come al tribunale di sorveglianza di Milano (9 su 9).	X	NumPNum	no	distractor
19 su 19	no	su	19	L' Inter respira: allarme rientrato sullo stop di Vieri Vuelta, un danese vola sui Pirenei Frigo 4 ° in classifica Rugby, radiata squadra rumena: positivi	19 su 19	Maradona-doping, Boniek conferma.	X	NumPNum	no	distractor
2 su 2	no	su	2	Al Sud il risultato non è meno clamoroso: il centrosinistra è forza di governo in 4 province su 4 in Abruzzo, in 5 su 5 in Puglia, in	2 su 2	in Basilicata, in 4 su 5 in Campania, in 3 su 5 in Calabria.	X	NumPNum	no	distractor
2 su 2	no	su	2	Detto questo, torniamo alla realtà dei fatti, che ci rimanda un Barcellona più che mai vincente:	2 su 2	in Eurolega, con 12 punti di scarto rifilati all' Aek e 14 all' Olimpia (in questo caso con un provvidenziale + 18 nell' ultimo quarto), e 8 su 9 in campionato.	X	NumPNum	no	distractor
2 su 2	no	su	2	Il MF salernitano si è portato da solo al comando con	2 su 2	, poi ha perso con Braga, ma la vittoria al sesto turno con Belotti lo ha ricatapultato da solo al primo posto a quota 4.5 su 6.	X	NumPNum	no	distractor
2 su 2	no	su	2	La partecipazione è sempre stata sinonimo di vittoria:	2 su 2	con i trionfi del 1985 e 1996.	X	NumPNum	no	distractor
2 su 2	no	su	2	Tra le file dell' Hintegra realizzano le migliori prestazioni offensive Simone Vichi con	2 su 2	e Victor Lopez con 2 su 4.	X	NumPNum	no	distractor
2 su 2	no	su	3	Da segnalare anche un ottima prestazione di Cazzulo con 3 su 3 da due e	2 su 2	dalla lunetta, in momenti importanti della gara.	X	NumPNum	no	distractor
22 su 22	no	su	22	In tempi più recenti, nel giugno scorso,	22 su 22	attentati sono abortiti.	X	NumPNum	no	distractor
24 su 24	no	su	24	Un ospedale di Pittsburgh fornisce addirittura una stazione televisiva chiamata Humor Helps Healing (l'umorismo aiuta a guarire), che trasmette	24 su 24	, mentre in South Carolina, i terapisti dell' umorismo hanno formato la Carolina Humour and Healing Association (HaHa).	X	NumPNum	no	distractor
24 su 24	no	su	24	Il telefono è attivo	24 su 24	con segreteria telefonica.	X	NumPNum	no	distractor
24 su 24	no	su	24	Infatti la scommessa era quella dell' accompagnamento educativo, la presenza, la vicinanza	24 su 24	ore per tot mesi verso chi ne aveva bisogno.	X	NumPNum	no	distractor
24 su 24	no	su	24	Scorta raddoppiata, casa sorvegliata	24 su 24	e lui cosa fa?	X	NumPNum	no	distractor
24 su 24	no	su	24	Tale contenitore poi, grazie alla tecnologia e software di ultima generazione, è disponibile	24 su 24	online e aggiornato in tempo reale, permettendo così ai potenziali clienti di visionare gli immobili direttamente da casa o ufficio, e ai collaboratori del gruppo sparsi in Italia o all' estero di consultare e fornire proposte svincolate dal limite della territorialità di competenza.	X	NumPNum	no	distractor
3 su 3	no	su	3	Da segnalare anche un ottima prestazione di Cazzulo con	3 su 3	da due e 2 su 2 dalla lunetta, in momenti importanti della gara.	X	NumPNum	no	distractor
3 su 3	no	su	3	Infine i rigori: stavolta	3 su 3	grazie a Gilardino, Miccoli e Totti.	X	NumPNum	no	distractor
3 su 3	no	su	3	Per nostra fortuna sono stati fecondati	3 su 3	, il 100 %, pronti per essere impiantati in utero.	X	NumPNum	no	distractor
351 su 351	no	su	351		351 su 351	hanno detto sì con furore, passione e con un grande applauso, come ha ricordato poco fa il collega Palmizio! </s><s> In quest' aula!	X	NumPNum	no	distractor
37 su 37	no	su	37	Nella votazione delle due di notte eravamo	37 su 37	e alla fine è scoppiato un applauso.	X	NumPNum	no	distractor
39 su 39	no	su	39	Essi hanno scoperto che Red Book è stato in grado di fornire con successo le risposte a	39 su 39	richieste su problemi clinici, con una media di 10 secondi per ricerca.	X	NumPNum	no	distractor
4 su 4	no	su	4	Con quella di oggi, sono	4 su 4	le vittorie di Prada nei testa a testa con l'imbarcazione della bionda Dawn Riley: anche se nelle previsioni, il successo era oggi tutt'altro che scontato.	X	NumPNum	no	distractor
4 su 4	no	su	4	Dopo gara 4 i Knicks avranno degli incubi formato Kenyon Martin per tutta l' estate: altra doppia doppia (4	4 su 4	partite), ma quasta volta i punti sono 36.	X	NumPNum	no	distractor
4 su 4	no	su	4	Il suo score recita un	4 su 4	dalla grande distanza e 13 punti nei 13 minuti decisivi per affossare definitivamente la Scavolini.	X	NumPNum	no	distractor
4 su 4	no	su	4	La regione meno virtuosa è risultata la Sardegna, dove il 100% delle province (	4 su 4	) supera i 60 giorni d' attesa (con Oristano e Cagliari in grado di fornire la prestazione non prima di 4 mesi).	X	NumPNum	no	distractor
4 su 4	no	su	4	Nonostante un opaco Sandro Cherubini (solo 4 i punti del centro della Nazionale italiana), Sassari ha potuto contare su un infallibile Caine dalla lunga distanza (	4 su 4	dalla linea dei 3 punti e 22 i punti totali del britannico) e sui punti di Eveson (25) e Kohlstrom (16), dominatori della lunetta.	X	NumPNum	no	distractor
4 su 4	no	su	4	Qualche spunto solo quando Messina gli ha mandato sopra Morlende. </s><s> Chiude la gara con 6 su 13 al tiro con	4 su 4	nei liberi.	X	NumPNum	no	distractor
4 su 4	no	su	4	Raccoglie punti solamente nei tiri liberi (	4 su 4	) perché la soluzione dalla distanza sembra non baciarlo più, anche in gare facili come questa: su 4 da tre.	X	NumPNum	no	distractor
4 su 4	no	su	4	Risultato, al ritorno dopo l' operazione estiva,	4 su 4	da dove conta tre.	X	NumPNum	no	distractor
4 su 4	no	su	4	Varese ha cercato di resistere con orgoglio, trovando pero' troppo tardi la classe di Meneghin (6 su 11 al tiro e	4 su 4	dalla lunetta), mentre Petruska (4 su 8 e 12 rimbalzi), dopo un felicissimo primo tempo, e' via via scomparso di scena.	X	NumPNum	no	distractor
40 su 40	no	su	40	Poi è il turno di Nintendogs, il perfect score di Famitsu (voto	40 su 40	), dopo aver conquistato il mercato nipponico, si prepara ad invadere anche quelli occidentali.	X	NumPNum	no	distractor
5 su 5	no	su	5	Questa volta è la Juventus a sbagliare di meno, anzi a non sbagliare proprio nulla visto che mette a segno uno score di	5 su 5	, mentre per il Milan è fatale l' errore di Brocchi.	X	NumPNum	no	distractor
5 su 5	no	su	5	Se il numero minimo di domande non è stato impostato, allora il suo voto sarà	5 su 5	, cioè 100 %.	X	NumPNum	no	distractor
5 su 5	no	su	5	A detta di Alberto Artiglia che ne ha inanellati	5 su 5	(l' unico oltre al sottoscritto), il migliore vitto lo abbiamo avuto qui.	X	NumPNum	no	distractor
5 su 5	no	su	5	A questo punto anche un Cda tutto di destra (	5 su 5	) andrebbe in crisi	X	NumPNum	no	distractor
5 su 5	no	su	5	Da segnalare: Federico,	5 su 5	al box, un doppio gioco in difesa, la chiamata in nazionale, cosa vuoi di più dalla vita?	X	NumPNum	no	distractor
5 su 5	no	su	5	Già a Suzuka è difficile inserirsi nel dominio Honda (solo 3 volte su 16 non hanno vinto), poi al Motegi, che è tracciato di proprietà della casa giapponese, è praticamente impossibile (	5 su 5	per gli hondisti).	X	NumPNum	no	distractor
5 su 5	no	su	5	Perché	5 su 5	è abbastanza chiaro come concetto (per tornare al discorso della discriminante prurginosa).	X	NumPNum	no	distractor
5 su 5	no	su	5	Questa volta è la Juventus a sbagliare di meno, anzi a non sbagliare proprio nulla visto che mette a segno uno score di	5 su 5	, mentre per il Milan è fatale l' errore di Brocchi.	X	NumPNum	no	distractor
50 su 50	no	su	50	Fatta la prova di mercoledì, la domenica uscivano i risultati che dichiaravano che io avevo preso un punteggio di	50 su 50	!!!!! classificandomi primo insieme ad altri ventisette.	X	NumPNum	no	distractor
54 su 54	no	su	54	La formazione pugliese è, assieme al Torino, la squadra che ha usufruito fino a questo momento di tutti i cambi disponibili	54 su 54	.	X	NumPNum	no	distractor
6 su 6	no	su	6	La presenza delle donne, per lo meno a Ca' Foscari, è nettamente preponderante: nel 2002 su 11 tirocinanti assegnati alle biblioteche 9 erano di sesso femminile, mentre i dati parziali del 2003 registrano una presenza di	6 su 6	studentesse.	X	NumPNum	no	distractor
6 su 6	no	su	6	No perchè 7 su 9 di jones non è che succede sempre, considerando anche il fatto che fino ad un certo punto era	6 su 6	.	X	NumPNum	no	distractor
6 su 6	no	su	6	Osimo ha totalizzato 10 su 10 per quel che concerne i contenuti,	6 su 6	per la programmazione, 6 su 7 per l' originalità e 6 su 7 per la grafica.	X	NumPNum	no	distractor
6 su 6	no	su	6	Sarà ricordata come la stagione del	6 su 6	: l' intera pallavolo bellunese è retrocessa.	X	NumPNum	no	distractor
6 su 6	no	su	6	Utilizzarono questa possibilità soprattutto le femmine (	6 su 6	), ma anche alcuni maschi (4 su 12), quindi nel complesso poco più del 50 % della classe.	X	NumPNum	no	distractor
61 su 61	no	su	61	Certo le ultime elezioni europee hanno segnato una sconfitta di Berlusconi, il cappotto del	61 su 61	(i seggi del parlamento regionale conquistati dalla destra nelle ultime amministrative) appartiene alla memoria del passato.	X	NumPNum	no	distractor
61 su 61	no	su	61	L'ha data già il caso Fiat, bisogna insistere per eliminare anche la mafia, artefice del successo del polo con i	61 su 61	.	X	NumPNum	no	distractor
61 su 61	no	su	61	Lasciamo la presidenza dell' assemblea e sentiamo il nuovo presidente della giunta che in Sicilia si è portato a casa tutti i seggi,	61 su 61	.	X	NumPNum	no	distractor
7 su 7	no	su	7	Lo fa in modo incontestabile: chiude con	7 su 7	dai 6.25 mt per un totale di 29 punti, il tutto in sola metà gara.	X	NumPNum	no	distractor
7 su 7	no	su	7	Sta meglio il secondo anno (43 partite, 11,3 di medie), quando spara un	7 su 7	da tre al Madison Square Garden di New York.	X	NumPNum	no	distractor
8 su 8	no	su	8	Gioca 29' e chiude con 20 punti, 0 su 2 da due, 4 su 7 da tre,	8 su 8	ai tiri liberi, ben 5 rimbalzi, 4 assist, 25 di valutazione.	X	NumPNum	no	distractor
8 su 8	no	su	8	Un giorno si ritrova al campetto, tira fuori il pallone e infila	8 su 8	da tre punti: la mano è guarita.	X	NumPNum	no	distractor
80 su 80	no	su	80	Alla risposta: dovevate o dovevano studiare di più noi replichiamo in questo modo: anche se tutti gli studenti avessero preso	80 su 80	comunque tantissimi sarebbero tornati a casa!	X	NumPNum	no	distractor
80 su 80	no	su	80	Faccia presente che anche se tutta la gente sapesse le cose benissimo, da prendere	80 su 80	comunque tantissima gente dovrebbe tornare a casa.	X	NumPNum	no	distractor
9 su 9	no	su	9	A Lecco si è registrato una adesione del 100 per cento (hanno scioperato 19 su 19) così come al tribunale di sorveglianza di Milano (	9 su 9	).	X	NumPNum	no	distractor
90 su 90	no	su	90	Una volta fatto il gruppo (non esagerare con le unita' di supporto tanto, tra quelle in difesa e quelle prodotte sarai quasi a	90 su 90	) prendi la strada in alto a destra.	X	NumPNum	no	distractor
Android su Android	no	su	Android	Attualmente è necessario impostare la versione minima di	Android su Android	7,0 (API 24-torrone) per distribuire l'app in dispositivi o emulatori torrone Android.	X	proper_name_inglobation	no	distractor
app su app	no	su	app	Per quanto riguarda la connessione mobile, 3g o 4g, le cose sono più complesse perché apple non permette di farlo nativamente, né naturalmente permette la presenza di	app su app	store che lo facciano per noi.	sg/pl	proper_name_inglobation	no	distractor
Apple su Apple	no	su	Apple	Anche Noi di Zoleounge.it stiamo promuovendo il Back Friday di Apple e se siete in procinto di acquistare con gli sconti del BlackFriday 2010 di	Apple su Apple	Italia, iTunes Store o su App Store e volete aiutare Zoelounge.it senza peraltro spendere una lira in più, potreste prendere in considerazione l'idea di cliccare su uno dei banner presenti in questa pagina o nei banner presenti nella sidebar.	X	proper_name_inglobation	no	distractor
Arezzo su Arezzo	no	su	Arezzo	La posizione del Comune di	Arezzo su Arezzo	Fiere è chiarissima.	X	proper_name_inglobation	no	distractor
ASCO su ASCO	no	su	ASCO	Ulteriori informazioni Per ulteriori informazioni, vedi il meeting virtuale di	ASCO su ASCO	OnLine (www.asco.org), che contiene tutti gli abstract degli studi presentati alla conferenza.	X	proper_name_inglobation	no	distractor
autonomia su autonomia	no	su	autonomia	Che ripeto che ricordo sono quelle delle inchieste sui gruppi terroristici Brigate Rosse prima linea sono quelli dell'inchiesta di	autonomia su autonomia	operaia inchiesta com'era sette aprile.	sg	proper_name_inglobation	no	distractor
bambini su bambini	no	su	bambino	All'inizio della settimana ho scritto un articolo circa le recenti notizie provenienti dal Kansas sui tassi di violenze sessuali di	bambini su bambini	, aumentate bruscamente...anche la polizia del Regno Unito ha segnalato questa tendenza (40.000 segnalazioni in un paio di anni)…	pl	thematic_target	no	distractor
bambini su bambini	no	su	bambino	Come impone la legge, nei casi di espianti di	bambini su bambini	di età inferiore a 5 anni, prima di procedere si sono dovute attendere le 24 ore richieste.	pl	N_extended	no	distractor
bandiere su bandiere	no	su	bandiera	Come se ci fosse bisogno di una voce dall' alto che dica	bandiere su bandiere	giù.	pl	NsuNgiù	yes	distractor
base su base	no	su	base	Agenzia Nazionale per la Ricerca (ANR), creata nel 2007 per finanziare progetti di ricerca di	base su base	competitiva.	sg	N_extended	no	distractor
base su base	no	su	base	La Commissione può ora rimborsare spese generali di	base su base	forfetaria o versare importi forfetari per piccoli progetti - di gruppi vulnerabili, per esempio.	sg	N_extended	no	distractor
base su base	no	su	base	La povertà mestruale - la lotta per pagare i prodotti sanitari di	base su base	mensile - è aumentata durante la pandemia di coronavirus , secondo le associazioni di beneficenza.	sg	N_extended	no	distractor
base su base	no	su	base	Nella vita di tutti i giorni un lavaggio di	base su base	mensile è sufficiente.	sg	N_extended	no	distractor
Bergamo su Bergamo	no	su	Bergamo	Questi due post non erano antisemiti secondo la definizione stessa data da Sinistra Per Israele dell'antisemitismo data da membri del comitato dell'associazione Italia-Israele nella discussione precisazioni in merito alla non adesione del Prc al presidio di	Bergamo su Bergamo	Blog (11novembre 2005).	X	proper_name_inglobation	no	distractor
Berlinguer su Berlinguer	no	su	Berlinguer	Si potrebbe provare A ragionare di	Berlinguer su Berlinguer	a partire da alcuni grandi punti del suo pensiero.	X	thematic_target	no	distractor
Berlusconi su Berlusconi	no	su	Berlusconi	Va bene bene pubblicare in prima pagina una barzelletta di	Berlusconi su Berlusconi	, ma vi sia perlomeno il buon senso di dire al titolista di non mettere come titolo LA BATTUTA finale...	X	thematic_target	no	distractor
Bioetica su Bioetica	no	su	Bioetica	Laboratorio di	Bioetica su Bioetica	e pluralismo.	sg	proper_name_inglobation	no	distractor
Brunetta su Brunetta	no	su	Brunetta	È una storia che si allunga sul presente, quella di Alberto, intrecciandosi con la voglia di vivere e con i criteri di vita e di ragione corrispondenti, che appartiene al capitolo di	Brunetta su Brunetta	, Loris su Loris come si racconta nel libro che avete tra le mani.	X	thematic_target	no	distractor
Camerino su Camerino	no	su	Camerino	Interventi Regione ed Università di	Camerino su Camerino	.	X	proper_name_inglobation	no	distractor
capelli su capelli	no	su	capello	Quindi, ad esempio, lo stesso taglio di	capelli su capelli	lisci e ricci apparirà completamente diverso. pertanto quando scegli un taglio di capelli, oltre al tipo di viso, considera anche il tipo di capelli.	pl	N_extended	no	distractor
carta su carta	no	su	carta	E poi c'è lo spariglio, una variante della presa di	carta su carta	uguale.	sg	thematic_target	no	distractor
Casalecchio su Casalecchio	no	su	Casalecchio	La storia di	Casalecchio su Casalecchio	Notizie - Per chi desidera approfondire...	X	proper_name_inglobation	no	distractor
Christine su Christine	no	su	Christine	Nel 1969 anche i Nomadi si dedicano al trans, cantano	Christine su Christine	Jorgensen, una transessuale famosa dal 1952, fotografa, attrice e cantante.	X	proper_name_inglobation	no	distractor
chrome su chrome	no	su	chrome	il problema appare come finestrelle che propongono prodotti (simili a quelle di youtube) sotto ogni tipo di media (filmati foto ecc) e come nuove finestre tra cui una che si presenta come un sondaggio di	chrome su chrome	ma promette ricchi premi per la partecipazione ovviamente da solo non riesco a liberarmene non appare sulle estensioni di chrome non appare tra i programmi installati e il superantispyware non lo identifica come virus come faccio a bruciarlo?	X	thematic_target	no	distractor
dati su dati	no	su	dato	Una elaborazione fatta da un analista di	dati su dati	Istat dal due mila undici al due mila sedici.	pl	N_extended	no	distractor
donne su donne	no	su	donna	Basti pensare che alla fine degli anni Novanta, mentre in Italia iniziavano a spopolare le single scatenate di Sex and the City, in Germania andava in onda Mobbing girls, un fiction televisiva su soprusi, violenze e abusi di	donne su donne	nel posto di lavoro.	pl	thematic_target	no	distractor
donne su donne	no	su	donna	Comunque non spetta a questa introduzione dire delle nostre tre autrici: qui si tratta piuttosto di chiedersi perché, a voler parlare di romanzo popolare in Italia tra i due secoli, si sono scelte tre donne che scrivono per	donne su donne	.	pl	thematic_target	no	distractor
donne su donne	no	su	donna	Così in quegli anni le esperienze di lavoro di	donne su donne	con sofferenza psichiatrica, se da una parte sollevarono alcune delle questioni dell'esser donna, dall'altra lasciarono immutato il manicomio e tanto piu' le donne che in quello continuavano ad essere recluse, non riuscendo ad arrivare al nocciolo della psichiatria, ne' tanto piu' arrivando a restituire al sociale, al sociale della comunita' femminile, la sua sofferenza.	pl	thematic_target	no	distractor
donne su donne	no	su	donna	Se la scorsa settimana ho scelto libri di	donne su donne	in questa puntata voglio cambiare completamente genere perché voglio proporvi quattro libri distopici, due pubblicati nel corso del '900 (che non sono i classici come 1984 di Orwell, Fahrenheit 451 di Bradbury, Il racconto dell'ancella della Atwood o La svastica sul sole di Dick) e due invece molto più recenti.	pl	thematic_target	no	distractor
donne su donne	no	su	donne	La donna ha perciò il dominio / responsabilità di due settori chiave: la riproduzione umana (dalla leggendaria mamma africana che tutto fa per i suoi bimbi, alle guerre intrafamiliari tra le co-spose per fare avanzare la propria prole, alle mutilazioni sessuali operate da	donne su donne	) e l' alimentazione (la cucina in Africa è una vera e propria arte).	pl	thematic_target	no	distractor
DVD su DVD	no	su	DVD	Se vuoi masterizzare un film in	DVD su DVD	+ R DL, ti conviene usare Alcohol o DVD Decrypter (in ISO mode).	sg/pl	thematic_target	no	distractor
facebook su facebook	no	su	Facebook	io ho creato una pagina di	facebook su facebook	appunto, ma mi rendo conto che non serve a niente perchè nessuno ne sa l'esistenza, quindi non pubblicizzo niente.	X	thematic_target	no	distractor
facebook su facebook	no	su	facebook	la censura su facebook esiste, non si deve parlare male di	facebook su facebook	e non si devono aprire discorsi seri che non c'entrano con le informazioni private che servono 1: a controllarti 2: a sapere cosa pensano i giovani su determinati prodotti.	X	thematic_target	no	distractor
Fede su Fede	no	su	Fede	La Dottrina della Chiesa, la Nota della Congregazione per la Dottrina della	Fede su Fede	e Politica, l' introduzione a questa di ...	sg	proper_name_inglobation	no	distractor
fibrocemento su fibrocemento	no	su	fibrocemento	Pannello sandwich In commercio sono reperibili lastre piane o ondulate oppure pannelli sandwich, dello spessore complessivo di alcuni centimetri, costituiti da supporti superiori in fibrocemento ed inferiore in lamiera oppure in	fibrocemento su fibrocemento	.	sg	thematic_target	no	distractor
folclore su folclore	no	su	folclore	Comunque	folclore su folclore	giù , appena ne trovo una, io me la compro!	sg	NsuNgiù	yes	distractor
Genova su Genova	no	su	Genova	Io scrivo, di	Genova su Genova	per Genova, soprattutto attraverso questo sito che, dopo Genova e grazie a Marco (Ravera), è diventato in un certo senso la mia seconda casa.	X	proper_name_inglobation	no	distractor
giornalisti su giornalisti	no	su	giornalista	Torna l' estate, tornano puntuali come le zanzare i libri di	giornalisti su giornalisti	e con la calura tornano a scoppiare anche le polemiche tra gli anchormen di casa Mediaset, in primis quella tra Emilio Fede ed Enrico Mentana.	pl	thematic_target	no	distractor
Google su Google	no	su	Google	Come cancellare la cronologia di	Google su Google	Chrome.	X	proper_name_inglobation	no	distractor
Google su Google	no	su	Google	Le diverse sezioni componenti il sito-database sono definite dalle schede delle architetture e la definizione dei campi da compilare, l'elaborazione della visualizzazione scheda on-line, le modalità di inserimento di foto, disegni e video, l'elaborazione del sistema che consente di geolocalizzare le architetture attraverso API di	Google su Google	Maps, l'elaborazione dell'applicazione che consente di effettuare il download delle schede delle architetture e degli itinerari, la creazione delle sezioni: architetture, itinerari, autori, news, arc.arc, contatti e partners istituzionali.	X	proper_name_inglobation	no	distractor
grigio su grigio	no	su	grigio	Innanzitutto, sono stati introdotti nuovi colori per la plancia bicolore	grigio su grigio	e blu su grigio.	sg	thematic_target	no	distractor
Guccini su Guccini	no	su	Guccini	Forse il fatto d'essere un lavoro di	Guccini su Guccini	, la possibilità di curiosare nell'armadio dei sogni e dei ricordi, mettendoci a disposizione fin dalla copertina la foto di famiglia del bisnonno che gli ha dato il nome (e sul retro, ma non cercatela nel booklet del cd, un'austera immagine della sua,	X	thematic_target	no	distractor
Internet su Internet	no	su	Internet	Cercare lavoro per	Internet su Internet	.	sg	thematic_target	no	distractor
Internet su Internet	no	su	Internet	Tuttavia, ho parlato contro	Internet su Internet	, dice Gigi.	sg	thematic_target	no	distractor
Italia su Italia	no	su	Italia	Una curiosità: Sandra Vidal ha partecipato alla versione americana del programma  Popstars , trasmesso anche in	Italia su Italia	1.	X	proper_name_inglobation	no	distractor
Italia su Italia	no	su	Italia	Ricordiamo che Futurama è partita in America sul network FOX il 28 marzo 1999, ed ha esordito in	Italia su Italia	1 in prima serata alle 20.45 il 6 gennaio 2000.	sg	proper_name_inglobation	no	distractor
jeans su jeans	no	su	jeans	Consigli per indossare il giubbino di jeans su jeans	jeans su jeans	.	sg/pl	N_extended	no	distractor
jeans su jeans	no	su	jeans	Il trucco è prevalentemente uno, non eccedere con i colori, quindi se indossate una giacca di	jeans su jeans	blu dovranno avere lo stesso colore.	sg/pl	N_extended	no	distractor
jeans su jeans	no	su	jeans	Quindi abbinare un capo di questo tipo è, sottinteso, che sarà più facile di una semplice camicia di	jeans su jeans	elegante oppure un giabbottino.	sg/pl	N_extended	no	distractor
jeans su jeans	no	su	jeans	Una giacca di	jeans su jeans	uomo il più delle volte non evidenziano l'eleganza del capo, cosa inversa per la donna dove il più delle volte esalta la silhouette.	sg/pl	N_extended	no	distractor
justin su justin	no	su	justin	belibers.....cazzo calmatevi fate paura....justin di qua justin di là	justin su justin	giù!	X	NsuNgiù	yes	distractor
kamut su kamut	no	su	kamut	Tofu qui, tofu là,	kamut su kamut	giù , allora con i derivati della carne che c'è...	sg	NsuNgiù	yes	distractor
km su km	no	su	km	e non può che migliorare col tempo, poi	km su km	giù porto pazienza.	sg/pl	NsuNgiù	yes	distractor
mani su mani	no	su	mano	Anche il testo della canzone era stato scritto per essere abbastanza esplicativo e per mostrare cosa si sarebbe dovuto fare (	mani su mani	giù mani dove vuoi) ma l'immagine dei Ricchi & Poveri non era tale da poter imporre un ballo inventato di sana pianta anche perché non c'era più la moda di inventarne di nuovi per il tramite di una canzone lanciata appositamente.	pl	NsuNgiù	yes	distractor
mente su mente	no	su	mente	Il credersi separati in più parti (	mente su mente	giù, corpo questo e corpo quell'altro, questo è meglio e quello è peggio) è solo il frutto d'una visione schizofrenica.	sg	NsuNgiù	yes	distractor
Microsoft su Microsoft	no	su	Microsoft	È accordo di licenza tra PalmOne e	Microsoft su Microsoft	Exchange.	X	proper_name_inglobation	no	distractor
mille su mille	no	su	mille	Il prezzo è stato 8.500 che mi sembra,	mille su mille	giù in linea con quello che si vede in giro.	sg	NsuNgiù	yes	distractor
Milosevic su Milosevic	no	su	Milosevic	Non potendo interrogare	Milosevic su Milosevic	, Nava interroga l'Occidente sui Balcani e la giustizia internazionale.	X	thematic_target	no	distractor
numero su numero	no	su	numero	È possibile cancellare simultaneamente la programmazione dei servizi prenotazione, deviazione	numero su numero	interno, deviazione su numero esterno e non disturbare.	sg	N_extended	no	distractor
Off su Off	no	su	off	Posizionare l'interruttore On	Off su Off	su Off servendosi dello stilo.	X	proper_name_inglobation	no	distractor
ore su ore	no	su	ora	Indicare il numero di	ore su ore	SOLO SE DIVERSO dall' orario massimo della qualifica di appartenza.	pl	thematic_target	no	distractor
Parma su Parma	no	su	Parma	Il programma ha visto l' intervento di Romeo Broglia assessore ai Servizi telematici della Provincia di Parma cheha illustrato le linee generali dello sviluppo telematico del territorio provinciale, sono seguite le relazioni di Mario Marini assessore alle Innovazioni tecnologiche del Comune di	Parma su Parma	e l' innovazione tecnologica, di Paolo Camuti Borani dirigente del Sistema informativo e informatico della Provincia di Parma su L' e-government e il Piano telematico provinciale.	X	proper_name_inglobation	no	distractor
periodi su periodi	no	su	periodo	Tornando al banco,devo dire che i suoi dischi li amo tuttora,certo hanno avuto	periodi su periodi	ma son sempre stati più che dignitosi.	pl	NsuNgiù	yes	distractor
Pippo su Pippo	no	su	Pippo	La spesa per la riparazione, ammontante a venti euro, da ripartirsi tra tutti i condomini, graverà: su Martino su	Pippo su Pippo	e Martino in parti uguali per un terzo su Martino e per due terzi su Pippo.	X	N_extended	no	distractor
Pisa su Pisa	no	su	Pisa	Martedì sera Umberto ha avuto una trovata che per poco non ha reso innocuo il pericolante edificio di insulti che ogni puntata pende su di lui, come la Torre di	Pisa su Pisa	.	X	proper_name_inglobation	no	distractor
pollice su pollice	no	su	pollice	Ne succede un altro e tutti si riversano li a dare opinioni il circo social/mediatico riparte, si fanno subito dei processi sommari tipo antica Roma verdetto subito colpevole o innocente ???	pollice su pollice	giù come nell'anfiteatro Flavio.	sg	NsuNgiù	yes	distractor
Proprietà su Proprietà	no	su	proprietà	Diritto di	Proprietà su Proprietà	Immobiliari Rumene per cittadini dell'UE, apolidi domiciliati nell'UE ed entità giuridiche formate in uno stato membro dell'UE o appartenenti alla Zona Economica Europea.	sg	N_extended	no	distractor
punto su punto	no	su	punto	Punto croce ricamo una data	punto su punto	giù indico traccia di trama merletto finito.	sg	NsuNgiù	yes	distractor
radio su radio	no	su	radio	C' è una trasmissione	radio su radio	24 ore condotta da Valerio Staffelli che potrebbe esserti utile, infatti si sostituisce a te e provvede a sciogliere la matassa pertanto te lo consiglio.	sg	proper_name_inglobation	no	distractor
radio su radio	no	su	radio	Proprio stamattina presto, verso le 5 circa seguivo il programma alla	radio su radio	1 istruzioni per l' uso e uno degli argomenti era per l' appunto il blog, si parlava di quanti blog esistono in Italia, circa 30000, (pensavo ce ne fossero di più) mentre in Francia sono 3000000!	sg	proper_name_inglobation	no	distractor
Roma su Roma	no	su	Roma	E se io mando un messaggio da	Roma su Roma	dovrei essere tutelato dalle leggi italiane, rispetto alle intenzioni piratesche delle aziende Usa.	X	thematic_target	no	distractor
Roma su Roma	no	su	Roma	Equiparata ai docenti che si spostano	Roma su Roma	come sembra dall' articolo 25 del contratto nazionale di mobilità?	X	thematic_target	no	distractor
ruota su ruota	no	su	ruota	DEFINIZIONE: l' attrito volvente (a) è la forza che si sviluppa fra due solidi a contatto in moto rotatorio relativo senza strisciamento (	ruota su ruota	o ruota su strada).	sg	thematic_target	no	distractor
sasso su sasso	no	su	sasso	Il signor Sandro scuote la testa, si infila le mani in tasca e si piega a guardare la pietra, il disegno fatto a colpi di	sasso su sasso	, poi i piedi, le mani, gli occhi tondi lassù che rispondono allo sguardo.	sg	thematic_target	no	distractor
satellite su satellite	no	su	satellite	Accesso ad alta velocità al Backbone Internet Europeo e connettività a banda larga, utilizzando tecnologia satellitare bidirezionale mediante canale di comunicazione bidirezionale via	satellite su satellite	geostazionario opportunamente posizionato, e connessione via fibra al Backbone Internet Europeo, con relativa manutenzione ed assistenza tecnica.	sg	N_extended	no	distractor
Sciascia su Sciascia	no	su	Sciascia	Ha curato l'edizione del Quaderno dell'Associazione Amici di	Sciascia su Sciascia	eretico del genere giallo (La vita felice, 2006) e la prefazione dell'edizione italiana de Il controllo della parola di André Schiffrin (Bollati Boringhieri, 2006).	X	proper_name_inglobation	no	distractor
seta su seta	no	su	seta	Inizia così una ricca produzione di arazzi ricamati in	seta su seta	o in lana si juta o su tela.	sg	thematic_target	no	distractor
Sky su Sky	no	su	Sky	È possibile acquistare entrambe le offerte Vodafone TV + NOW TV Intrattenimento e Vodafone TV Sport per avere accesso sia allo sport di	Sky su Sky	Sport Mix che all'entertaniment televisivo con il Ticket Intrattenimento di NOW TV.	X	proper_name_inglobation	no	distractor
Sky su Sky	no	su	Sky	Cliente Sky via fibra/satellite con pack Calcio e Sky Go: 36,80 euro/mese* per le 7 partite/turno di	Sky su Sky	Go.	X	proper_name_inglobation	no	distractor
Sky su Sky	no	su	Sky	La partita Lazio-Napoli sarà trasmessa in diretta tv sul digitale terrestre in pay per view e per gli abbonati di Mediaset Premium su Premium Sport (canale 370) e Premium Sport HD (canale 380) e per gli abbonati di	Sky su Sky	3 HD (canale 201) e Sky Calcio 4 HD (canale 254).	X	proper_name_inglobation	no	distractor
Sky su Sky	no	su	Sky	La partita Napoli-Villarreal sarà trasmessa in diretta tv per gli abbonati di	Sky su Sky	Calcio 1 HD (canale 251).	X	proper_name_inglobation	no	distractor
strada su strada	no	su	strada	In tal modo l'aquaplaning viene scongiurato e la tenuta di	strada su strada	bagnata e innevata è ottimale.	sg	N_extended	no	distractor
TV su TV	no	su	TV	Tutta la cerimonia finale verrá trasmessa in diretta	TV su TV	3 dalle 18.40 alle 20.15 e su TV 1 e TV 2 dalle 19.30 alle 20.00.	sg	proper_name_inglobation	no	distractor
uomini su uomini	no	su	uomo	Questa domanda non si può respingere con la speranza che allora tutto andrebbe di per sè, che le cose si regolerebbero da sole, che un governo di	uomini su uomini	sarebbe divenuto superfluo, perchè gli uomini allora sarebbero assolutamente liberi.	pl	thematic_target	no	distractor
uomini su uomini	no	su	uomo	Come sottolineavano i compagni tedeschi delle Cellule Rivoluzionarie: Noi crediamo che la guerra totale contro il sistema di dominio di	uomini su uomini	acchiuda in se stessa contemporaneamente e in egual misura la lotta contro il sistema capitalistico che è in noi stessi.	pl	thematic_target	no	distractor
uomini su uomini	no	su	uomo	Lo stato è così dunque un rapporto di potere di	uomini su uomini	, fondato sul mezzo dell'uso della forza legittima (si veda Economia e Società, Milano 1961).	pl	thematic_target	no	distractor
uomini su uomini	no	su	uomo	Nella famosa conferenza del 1919 su La politica come professione, Max Weber disse: Lo Stato è, come le associazioni politiche che storicamente lo precedono, un rapporto di dominio di	uomini su uomini	basato sul mezzo della forza legittima (cioè considerata legittima).	pl	thematic_target	no	distractor
uomini su uomini	no	su	uomo	C'è anche la violenza di	uomini su uomini	, donne contro le donne, adulti su bambini, giovani contro anziani e via di questo passo.	pl	thematic_target	no	distractor
uomini su uomini	no	su	uomo	Dall'inizio degli anni Novanta è diminuito il numero di omicidi di	uomini su uomini	mentre il numero di donne uccise da uomini è aumentato: l'intensità e il grado di diffusione di episodi di violenza e abuso nei confronti delle donne sono tali da aver suggerito il conio del termine femminicidio.	pl	thematic_target	no	distractor
uomini su uomini	no	su	uomo	E quanto andiamo studiando ci insegna che le società organizzate, precedenti a quelle classiste, precedenti quindi alla comparsa della schiavitù e di ogni sfruttamento di	uomini su uomini	, accumulavano una straordinaria quantità di energia e l'applicavano alla modifica dell'ambiente (edifici monumentali, infrastrutture, produzione materiale) senza spezzarne l'equilibrio.	pl	thematic_target	no	distractor
uomini su uomini	no	su	uomo	Ne restasse fuori anche uno solo, anche una sola testa, su cosa potrebbe mai fondarsi una nazione se non sul dominio di	uomini su uomini	?	pl	thematic_target	no	distractor
uomini su uomini	no	su	uomo	Parla e agisce in prima persona (Fracchia è Villaggio, mentre Fantozzi è una straordinaria invenzione di Villaggio, è un racconto): è vero che comincia a delinearsi l'emblema del martire d'ufficio, dell'impiegato sacrificato alla meschineria dei colleghi, ma Fracchia è un «mostro» cui Villaggio ha ancora saputo conferire il carattere di allegoria della violenza perpetrata da	uomini su uomini	.	pl	thematic_target	no	distractor
uomini su uomini	no	su	uomo	Per un verso, infatti, essa esclude qualsiasi analogia mimetica tra la sovranità di Dio e la sovranità di	uomini su uomini	(significato politico-critico dell'immagine trinitaria di Dio).	pl	thematic_target	no	distractor
uomini su uomini	no	su	uomo	Perché ogni governo è di	uomini su uomini	.	pl	thematic_target	no	distractor
uomini su uomini	no	su	uomo	Quindi, anche nel fumetto Bonelli, come in Berserk, ci sono scene di violenza sessuale verso i protagonisti minorenni, o di violenza sessuale di	uomini su uomini	(le ho elencate entrambe perchè non sapevo cosa consideravi più forte nella scena di Berserk).	pl	thematic_target	no	distractor
uomini su uomini	no	su	uomo	Sono sempre segno di un'ingiustizia regnante, di oppressione di	uomini su uomini	.	pl	thematic_target	no	distractor
uomini su uomini	no	su	uomo	Un crimine non certo benedetto da un Dio, ma fatto da	uomini su uomini	(l' orrore, vedi 1945).	pl	thematic_target	no	distractor
uomo su uomo	no	su	uomo	cioè quando si abolirà non solo il concetto di proprieta' di uomo su uomo (schiavitu') ma anche quello di SERVITU' di	uomo su uomo	(noleggio, prostituzione, o come chiamo io, SERVIZIONE).	sg	thematic_target	no	distractor
uomo su uomo	no	su	uomo	cioè quando si abolirà non solo il concetto di proprieta' di	uomo su uomo	(schiavitu') ma anche quello di SERVITU' di uomo su uomo (noleggio, prostituzione, o come chiamo io, SERVIZIONE).	sg	thematic_target	no	distractor
uomo su uomo	no	su	uomo	Con lo spargimento di sangue innocente (sopruso di	uomo su uomo	) che ne consegue.	sg	thematic_target	no	distractor
uomo su uomo	no	su	uomo	Il sistema odioso di sfruttamento di	uomo su uomo	.	sg	thematic_target	no	distractor
uomo su uomo	no	su	uomo	Ogni sfruttamento di	uomo su uomo	deve essere soppresso nel nome di Cristo... avanti, o proletariato, avanti!	sg	thematic_target	no	distractor
Venere su Venere	no	su	Venere	E i transiti che mi aspettano di	Venere su Venere	e Saturno e poi di Urano su Marte, posso considerarli buoni per la mia situazione sentimentale?	X	N_extended	no	distractor
Venezia su Venezia	no	su	Venezia	Pubblicazione di alcune foto di	Venezia su Venezia	Radio TV e Venetian Holiday.	X	proper_name_inglobation	no	distractor
volume su volume	no	su	volume	A meno che non si abbiano tanti dispositivi domotici con HomeKit in giro per casa, e che necessitino essere gestiti anche da fuori grazie al gateway che HomePod propone, questo speaker non offre grosse opportunità di gestione: mi sarei aspettata un'interfaccia software migliore, con la possibilità di saltare brano avanti e brano indietro con scorrimento a destra e sinistra,	volume su volume	giù con il flick in alto e in basso, gesture eventualmente attivabili dalle impostazioni, o una modalità rotore.	sg	NsuNgiù	yes	distractor
volume su volume	no	su	volume	Questo è un semplice lettore con play pausa avanti indietro	volume su volume	giù.	sg	NsuNgiù	yes	distractor